உரை,வகை
தினமும் இரண்டு முறை ஃப்ளூரைடு பற்பசையால் பல் துலக்குவது பல் சொத்தையைத் தடுக்க உதவுகிறது.,உண்மை
ஃவுளூரைடு பல் பற்சிப்பியை பலப்படுத்துகிறது,உண்மை
வழக்கமான பல் பரிசோதனைகள் வாய்வழி நோயைத் தடுக்க உதவும்.,உண்மை
ஈறுகளில் பிளேக் படிவதால் ஈறு நோய் ஏற்படுகிறது.,உண்மை
வாய்வழி நோய்கள் பெருமளவில் தடுக்கக்கூடியவை.,உண்மை
தூங்குவதற்கு முன் பல் துலக்குவது வாய் ஆரோக்கியத்திற்கு முக்கியம்.,உண்மை
மென்மையான முட்கள் கொண்ட பல் துலக்குதல்கள் பரிந்துரைக்கப்படுகின்றன.,உண்மை
மூன்று மாதங்களுக்கு ஒருமுறை பல் துலக்குதலை மாற்றுவது நல்லது.,உண்மை
சர்க்கரை நுகர்வு பல் துவாரங்களின் அபாயத்தை அதிகரிக்கிறது,உண்மை
அமிலத்தன்மை கொண்ட பானங்கள் பற்சிப்பியை அரிக்கும்,உண்மை
பல் ஸ்கேலிங் பிளேக் மற்றும் டார்ட்டரை பாதுகாப்பாக நீக்குகிறது,உண்மை
ஈறுகளில் இரத்தப்போக்கு ஈறு நோயைக் குறிக்கலாம்.,உண்மை
குழியை முன்கூட்டியே கண்டறிவது கடுமையான வலியைத் தடுக்கிறது.,உண்மை
பற்களுக்கு இடையில் உள்ள தகடுகளை நீக்க ஃப்ளாசிங் உதவுகிறது.,உண்மை
மோசமான வாய் சுகாதாரம் ஈறு நோய் அபாயத்தை அதிகரிக்கிறது.,உண்மை
பல் சொத்தை பாக்டீரியாவால் ஏற்படுகிறது.,உண்மை
பல் சொத்தை தடுக்கக்கூடியது,உண்மை
ஃப்ளூரைடு பற்பசை முறையாகப் பயன்படுத்தும்போது பாதுகாப்பானது.,உண்மை
வாய் சுகாதாரம் ஒட்டுமொத்த ஆரோக்கியத்தையும் பாதிக்கிறது.,உண்மை
புகைபிடித்தல் ஈறு நோய் அபாயத்தை அதிகரிக்கிறது,உண்மை
வறண்ட வாய் துவாரங்களின் அபாயத்தை அதிகரிக்கிறது,உண்மை
உமிழ்நீர் பற்கள் சொத்தையிலிருந்து பாதுகாக்கிறது,உண்மை
குழந்தைகள் பல் துலக்கும்போது மேற்பார்வை தேவை.,உண்மை
குழந்தைகளில் துவாரங்களைத் தடுக்க சீலண்டுகள் உதவுகின்றன,உண்மை
மின்சார பல் துலக்குதல்கள் பயனுள்ளதாக இருக்கும்,உண்மை
பற்களில் தினமும் தகடு உருவாகிறது.,உண்மை
டார்ட்டர் என்பது கடினப்படுத்தப்பட்ட தகடு.,உண்மை
தொழில்முறை சுத்தம் செய்தல் ஈறுகளின் ஆரோக்கியத்தை மேம்படுத்துகிறது.,உண்மை
கர்ப்பிணிப் பெண்கள் பாதுகாப்பாக பல் மருத்துவத்தைப் பெறலாம்.,உண்மை
ஈறு நோய் பல் இழப்புக்கு வழிவகுக்கும்.,உண்மை
எனாமல் ஒரு முறை இழந்தால் மீண்டும் உருவாக்க முடியாது.,உண்மை
மிகவும் கடினமாக துலக்குவது ஈறுகளை சேதப்படுத்தும்.,உண்மை
இரவு நேரங்களில் பல் துலக்குவது குழி அபாயத்தைக் குறைக்கிறது.,உண்மை
பல் உணர்திறனை மதிப்பீடு செய்ய வேண்டும்,உண்மை
வாய்வழி தொற்றுகள் பொது ஆரோக்கியத்தைப் பாதிக்கலாம்.,உண்மை
வாயில் உள்ள பாக்டீரியாக்கள் அமிலங்களை உற்பத்தி செய்கின்றன.,உண்மை
அமிலம் பற்சிப்பியைப் பலவீனப்படுத்துகிறது,உண்மை
ஃப்ளோரைடு பற்சிப்பியை மீண்டும் கனிமமாக்க உதவுகிறது.,உண்மை
வழக்கமான பல் வருகைகள் பரிந்துரைக்கப்படுகின்றன.,உண்மை
வாய்வழி சுகாதாரம் தொற்று அபாயத்தைக் குறைக்கிறது,உண்மை
நெரிசலான பற்களை சுத்தம் செய்வது கடினம்.,உண்மை
மவுத்வாஷ் பல் துலக்குவதை ஆதரிக்கிறது,உண்மை
ஈறு வீக்கம் ஆரம்ப கட்டங்களில் மீளக்கூடியது.,உண்மை
நீரிழிவு ஈறுகளின் ஆரோக்கியத்தைப் பாதிக்கிறது,உண்மை
பிளேக் ஈறு அழற்சியை ஏற்படுத்துகிறது,உண்மை
ஈறுகளுக்கு ஆரம்பகால சிகிச்சை சிக்கல்களைத் தடுக்கிறது,உண்மை
நல்ல வாய் சுகாதாரம் வாய் துர்நாற்றத்தைக் குறைக்கிறது.,உண்மை
துலக்கும் நுட்பம் முக்கியமானது,உண்மை
நீர் ஃவுளூரைடேஷன் துவாரங்களைக் குறைக்கிறது,உண்மை
பல் சிதைவு காலப்போக்கில் உருவாகிறது.,உண்மை
வாய்வழி பாக்டீரியாக்கள் சர்க்கரைகளை உண்கின்றன.,உண்மை
ஆரோக்கியமான உணவுமுறை வாய் ஆரோக்கியத்தை ஆதரிக்கிறது,உண்மை
ஈறு நோய் ஆரம்பத்தில் வலியை ஏற்படுத்தாது.,உண்மை
வாய்வழி பிரச்சினைகளுக்கு தொழில்முறை ஆலோசனை முக்கியமானது.,உண்மை
பல் பற்சிப்பி உள் பல்லின் அடுக்குகளைப் பாதுகாக்கிறது.,உண்மை
பல் சிகிச்சை சீரமைப்பை மேம்படுத்துகிறது,உண்மை
தினமும் பல் பல் துலக்குவது ஈறுகளின் ஆரோக்கியத்தை மேம்படுத்துகிறது.,உண்மை
பல் துலக்கும் நேரம் சுமார் இரண்டு நிமிடங்கள் இருக்க வேண்டும்.,உண்மை
நாக்கை சுத்தம் செய்வது பாக்டீரியாவைக் குறைக்கிறது,உண்மை
பல் எக்ஸ்-கதிர்கள் முறையாகப் பயன்படுத்தப்படும்போது பாதுகாப்பானவை.,உண்மை
வாய்வழி சுகாதாரம் எல்லா வயதினருக்கும் முக்கியமானது.,உண்மை
பால் பற்களுக்கு சரியான பராமரிப்பு தேவை.,உண்மை
துவாரங்களுக்கு தொழில்முறை சிகிச்சை தேவை.,உண்மை
ஈறு நோய் தடுக்கக்கூடியது,உண்மை
பிளேக் அகற்றுதல் ஈறு நோயைத் தடுக்கிறது,உண்மை
அமில அரிப்பு பற்களை பலவீனப்படுத்துகிறது,உண்மை
வழக்கமான துலக்குதல் தகடுகளை நீக்குகிறது.,உண்மை
ஃப்ளூரைடு பற்பசை குழி அபாயத்தைக் குறைக்கிறது,உண்மை
வாய்வழி சுகாதாரப் பழக்கங்களை சீக்கிரமே தொடங்க வேண்டும்.,உண்மை
துர்நாற்றம் பெரும்பாலும் வாயிலிருந்து வருகிறது.,உண்மை
பல் துலக்குதல் பாக்டீரியா சுமையைக் குறைக்கிறது,உண்மை
பல் வலி தொற்றுநோயைக் குறிக்கலாம்.,உண்மை
தொழில்முறை அளவிடுதல் பற்களை பலவீனப்படுத்தாது.,உண்மை
கடினமான முட்கள் பற்சிப்பியை சேதப்படுத்தும்.,உண்மை
சாப்பிட்ட பிறகு பல் துலக்குவது பிளேக் குவிப்பைக் குறைக்கிறது,உண்மை
பல் சீலண்டுகள் தடுப்பு நடவடிக்கைகளாகும்.,உண்மை
ஈறுகளில் இரத்தப்போக்கு ஏற்படுவதில் கவனம் தேவை.,உண்மை
சர்க்கரை அதிர்வெண் குழி அபாயத்தை பாதிக்கிறது,உண்மை
பற்களை அரைப்பது பற்சிப்பிக்கு சேதம் விளைவிக்கும்.,உண்மை
ஆரோக்கியமான ஈறுகளில் எளிதில் இரத்தம் வராது.,உண்மை
வாய்வழி பாக்டீரியாக்கள் பிளேக் உருவாவதற்கு பங்களிக்கின்றன,உண்மை
தடுப்பு பல் பராமரிப்பு சிகிச்சை செலவைக் குறைக்கிறது,உண்மை
வாய்வழி சுகாதாரம் வாழ்க்கைத் தரத்தை மேம்படுத்துகிறது.,உண்மை
பரிந்துரைக்கப்பட்ட அளவுகளில் ஃப்ளோரைடு நன்மை பயக்கும்.,உண்மை
குழந்தைகளுக்கு துவாரங்கள் ஏற்படும் அபாயம் உள்ளது.,உண்மை
பல் சொத்தை பெரியவர்களையும் குழந்தைகளையும் பாதிக்கலாம்.,உண்மை
பல் தகடு கண்ணுக்குத் தெரியாதது ஆனால் தீங்கு விளைவிக்கும்,உண்மை
பற்களுக்கு இடையில் சுத்தம் செய்வது முக்கியம்,உண்மை
தொழில்முறை ஆலோசனை வாய்வழி விளைவுகளை மேம்படுத்துகிறது.,உண்மை
வாய்வழி ஆரோக்கியம் ஒட்டுமொத்த ஆரோக்கியத்தின் ஒரு பகுதியாகும்.,உண்மை
சரியான பல் துலக்கும் நுட்பம் பற்சிப்பி சேதத்தைத் தடுக்கிறது.,உண்மை
தினசரி வாய் பராமரிப்பு பாக்டீரியா வளர்ச்சியைக் குறைக்கிறது.,உண்மை
தினமும் ஃப்ளூரைடு பற்பசையைப் பயன்படுத்துவது பரிந்துரைக்கப்படுகிறது.,உண்மை
வாய்வழி சுகாதாரத்தைப் பராமரிப்பது ஈறு வீக்கத்தைத் தடுக்கிறது.,உண்மை
தொடர்ந்து பல் பல் பல் துலக்குவது பிளேக் குவிப்பைக் குறைக்கிறது.,உண்மை
ஆரம்பகால சிகிச்சை பல் இழப்பைத் தடுக்கிறது,உண்மை
சமச்சீர் ஊட்டச்சத்து ஆரோக்கியமான ஈறுகளை ஆதரிக்கிறது.,உண்மை
வழக்கமான வாய்வழி சுகாதாரம் பல் தொற்றுகளைத் தடுக்கிறது.,உண்மை
தொழில்முறை பல் சுத்தம் செய்வது பாதுகாப்பானது.,உண்மை
வாய்வழி சுகாதார விழிப்புணர்வு தடுப்பை மேம்படுத்துகிறது,உண்மை
அதிக பற்பசை சிறப்பாக சுத்தம் செய்கிறது,மித்யை
கடினமாக துலக்குதல் பற்களை பலப்படுத்துகிறது.,மித்யை
ஸ்கேலிங் பற்களை பலவீனப்படுத்துகிறது,மித்யை
ஈறுகளில் இரத்தம் வந்தால் பல் துலக்குவதை நிறுத்த வேண்டும்.,மித்யை
பால் பற்களுக்கு பராமரிப்பு தேவையில்லை.,மித்யை
முதன்மைப் பற்கள் முக்கியமல்ல.,மித்யை
பல் மிதவை பற்களுக்கு இடையில் இடைவெளிகளை உருவாக்குகிறது.,மித்யை
பல் துலக்குவதை மவுத்வாஷ் மாற்றும்,மித்யை
சர்க்கரை மட்டுமே துவாரங்களுக்கு காரணம்.,மித்யை
வெள்ளை பற்கள் ஆரோக்கியமான பற்களைக் குறிக்கின்றன.,மித்யை
துவாரங்கள் தாமாகவே குணமாகும்,மித்யை
வலி இருக்கும்போது மட்டுமே பல் மருத்துவர் தேவை.,மித்யை
தினமும் ஒரு முறை பல் துலக்கினால் போதும்,மித்யை
பல் சொத்தை என்பது மரபுரிமையாக வருவதும் தவிர்க்க முடியாததும் ஆகும்.,மித்யை
பல் துலக்குவதற்குப் பதிலாக கரி பற்பசை,மித்யை
உப்பு மட்டும் துவாரங்களை குணப்படுத்தும்,மித்யை
எலுமிச்சை சாறு பாதுகாப்பாக வெண்மையாக்கும்,மித்யை
தினமும் பேக்கிங் சோடா பயன்படுத்துவது முற்றிலும் பாதுகாப்பானது.,மித்யை
ஃப்ளூரைடு எந்த அளவிலும் தீங்கு விளைவிக்கும்.,மித்யை
மின்சார பல் துலக்குதல் பற்சிப்பியை சேதப்படுத்தும்,மித்யை
வெண்மையாக்கும் பற்பசை உடனடியாக வேலை செய்கிறது.,மித்யை
மூலிகை பற்பசை எப்போதும் பாதுகாப்பானது,மித்யை
எண்ணெய் இழுத்தல் என்பது துலக்குதலுக்குப் பதிலாகும்.,மித்யை
பல் துலக்குவதை மெல்லும் பசை மாற்றுகிறது,மித்யை
பல் பிடுங்குவது பார்வையைப் பாதிக்கிறது,மித்யை
கர்ப்பம் பற்களில் கால்சியம் இழப்பை ஏற்படுத்துகிறது.,மித்யை
பல் துலக்குவதால் அதிக காய்ச்சல் ஏற்படுகிறது.,மித்யை
பல் எக்ஸ்-கதிர்கள் எப்போதும் ஆபத்தானவை.,மித்யை
துவாரங்கள் குழந்தைகளில் மட்டுமே ஏற்படும்.,மித்யை
வெந்நீர் பற்களை சிறப்பாக சுத்தம் செய்கிறது.,மித்யை
தினமும் டூத்பிக்களைப் பயன்படுத்துவது பாதுகாப்பானது.,மித்யை
அமிலத்தன்மை கொண்ட பானங்களை குடித்த உடனேயே பல் துலக்க வேண்டும்.,மித்யை
அதிக நுரை என்றால் சிறந்த சுத்தம் என்று பொருள்.,மித்யை
முழு தூரிகை பற்பசை சிறந்த வெண்மையாக்கும்,மித்யை
நீண்ட நேரம் துலக்குவது எப்போதும் சுத்தம் செய்வதை மேம்படுத்துகிறது.,மித்யை
பல் உணர்திறன் இயல்பானது மற்றும் பாதிப்பில்லாதது.,மித்யை
ஈறுகளில் இரத்தப்போக்கு இயல்பானது.,மித்யை
பல் சுத்தம் செய்வது பல் அசைவை ஏற்படுத்துகிறது.,மித்யை
வாய் துர்நாற்றம் எப்போதும் வயிற்றில் இருந்து வருகிறது.,மித்யை
குழந்தைகளுக்கு ஈறு நோய் வராது.,மித்யை
ஈறு நோய் வயதானவர்களை மட்டுமே பாதிக்கிறது.,மித்யை
நீங்கள் கிடைமட்டமாக மட்டுமே துலக்க வேண்டும்.,மித்யை
கடினமான முட்கள் சிறப்பாக சுத்தம் செய்யப்படுகின்றன,மித்யை
பெரியவர்களுக்கு பால் துவாரங்களை ஏற்படுத்துகிறது,மித்யை
ஃப்ளோரைடை மாற்றும் இயற்கை வைத்தியம்,மித்யை
பல் நிரப்புதல்கள் நோயை ஏற்படுத்துகின்றன,மித்யை
பிரேஸ்கள் பற்களை நிரந்தரமாக பலவீனப்படுத்தும்.,மித்யை
அமில பானங்கள் பற்களைப் பாதிக்காது.,மித்யை
வறண்ட வாய் வாய் ஆரோக்கியத்தைப் பாதிக்காது.,மித்யை
படுக்கைக்கு முன் ஒரு முறை பல் துலக்குவது அவசியமில்லை.,மித்யை
மென்மையான தூரிகைகள் சரியாக சுத்தம் செய்யாது.,மித்யை
ஃப்ளாசிங் தேவையற்றது,மித்யை
தொழில்முறை சுத்தம் பற்சிப்பியை நீக்குகிறது,மித்யை
கடினமாக துலக்கினால் கறைகள் வேகமாக நீங்கும்.,மித்யை
ஈறுகளில் இரத்தம் வருவது என்றால் பல் துலக்குவதை நிறுத்த வேண்டும்.,மித்யை
பல் வலி எப்போதும் பல் பிரித்தெடுப்பதைக் குறிக்கிறது.,மித்யை
ஸ்கேலிங் பாதுகாப்பு பற்சிப்பியை நீக்குகிறது.,மித்யை
கர்ப்பிணிப் பெண்கள் பல் மருத்துவர்களைத் தவிர்க்க வேண்டும்.,மித்யை
சர்க்கரை இல்லாத பானங்கள் துவாரங்களை ஏற்படுத்தாது.,மித்யை
தண்ணீரில் கழுவுதல் ஃப்ளோரைடு நன்மையை நீக்குகிறது.,மித்யை
வாந்தி எடுத்த உடனே பல் துலக்குவது பாதுகாப்பானது.,மித்யை
குழந்தைகளுக்கு ஃப்ளோரைடு தேவையில்லை.,மித்யை
மவுத்வாஷ் மட்டுமே பற்களை ஆரோக்கியமாக வைத்திருக்கும்.,மித்யை
பல் சொத்தை ஒரே இரவில் ஏற்படுகிறது.,மித்யை
துவாரங்கள் உருவாவதை நீங்கள் உணரலாம்.,மித்யை
வாய் துர்நாற்றம் என்பது எப்போதும் கடுமையான நோயைக் குறிக்கிறது.,மித்யை
பற்களை வெண்மையாக்குவது பற்களை நிரந்தரமாக சேதப்படுத்தும்.,மித்யை
அதிக பல் துலக்குதல் அனைத்து பல் பிரச்சினைகளையும் தடுக்கிறது.,மித்யை
வலி இல்லை என்றால் எந்த பிரச்சனையும் இல்லை.,மித்யை
பிளேக் பாதிப்பில்லாதது,மித்யை
ஈறு நோய் எப்போதும் வலியுடன் இருக்கும்.,மித்யை
தினமும் பல் துலக்கினால் பல் வருகை தேவையில்லை.,மித்யை
பால் பற்கள் பிரச்சனைகள் ஒரு பொருட்டல்ல.,மித்யை
மெல்லும் குச்சிகள் பல் துலக்குவதை முற்றிலுமாக மாற்றுகின்றன.,மித்யை
மூன்று முறை பல் துலக்குவது என்பது துவாரங்கள் இல்லாததைக் குறிக்கிறது.,மித்யை
அமிலத்தன்மை கொண்ட பழங்கள் பற்சிப்பியை பலப்படுத்துகின்றன.,மித்யை
குளிர்ந்த நீர் பற்களை பலப்படுத்துகிறது,மித்யை
ஃப்ளூரைடு துவாரங்களை ஏற்படுத்துகிறது,மித்யை
பற்பசை மட்டும் ஈறு நோயைத் தடுக்கிறது,மித்யை
ஐந்து நிமிடங்களுக்கு மேல் பல் துலக்குவது அவசியம்.,மித்யை
மின்சார பல் துலக்குதல் ஆபத்தானது,மித்யை
சிகிச்சை இல்லாமல் துவாரங்கள் மறைந்துவிடும்.,மித்யை
கரிப் பொடி மிகவும் பாதுகாப்பானது.,மித்யை
சரியான முறையில் பல் துலக்கும்போது ஈறுகளில் இரத்தம் வர வேண்டும்.,மித்யை
துலக்காமல் தகடு மறைந்துவிடும்,மித்யை
குழந்தைகளுக்கு பால் பற்களில் துவாரங்கள் இருக்க முடியாது.,மித்யை
பல் சிகிச்சைகள் எப்போதும் பற்களை பலவீனப்படுத்தும்.,மித்யை
பல் சொத்தை உடனடியாகப் பரவுகிறது.,மித்யை
தொழில்முறை ஸ்கேலிங் ஈறுகளை சேதப்படுத்துகிறது,மித்யை
பற்பசை மட்டுமே முழுமையான வாய் ஆரோக்கியத்திற்கு உத்தரவாதம் அளிக்கிறது.,மித்யை
ஈறுகளில் இரத்தப்போக்கு ஏற்படுவதற்கு சரியான முறையில் பல் துலக்குவதே காரணம்.,மித்யை
அனைத்து இயற்கை பற்பசைகளும் எப்போதும் பாதுகாப்பானவை.,மித்யை
அதிக அழுத்தத்தைப் பயன்படுத்துவது பிளேக்கை வேகமாக நீக்குகிறது,மித்யை
ஃப்ளாஸ்ஸிங்கைத் தவிர்ப்பதால் எந்த விளைவுகளும் இல்லை.,மித்யை
ஒரு சிகிச்சைக்குப் பிறகு பற்கள் வெண்மையாக்குவது நிரந்தரமானது.,மித்யை
ஒருமுறை சிகிச்சையளிக்கப்பட்ட துவாரங்கள் மீண்டும் வராது.,மித்யை
வலுவான துலக்குதல் ஈறு நோயைத் தடுக்கிறது,மித்யை
பல் துலக்கிய பிறகு கழுவுவதால் அனைத்து நன்மைகளும் நீங்கிவிடும்.,மித்யை
பற்களை சுத்தம் செய்ய உப்புநீரை மட்டும் பயன்படுத்தினால் போதும்.,மித்யை
பற்கள் வெண்மையாகத் தெரிந்தால் அவை குழி இல்லாதவை.,மித்யை
ஒவ்வொரு உணவிற்கும் பிறகு உடனடியாக பல் துலக்குவது எப்போதும் பாதுகாப்பானது.,மித்யை
ஈறுகளில் இரத்தப்போக்கு ஆரோக்கியமான பல் துலக்குதலின் அறிகுறியாகும்.,மித்யை
குழந்தைகளுக்கு மிட்டாயைத் தவிர்த்தால் துவாரங்கள் வராது.,மித்யை
ஃப்ளூரைடு பற்பசையை தினமும் பயன்படுத்தக்கூடாது.,மித்யை
தொழில்முறை பல் சுத்தம் நிரந்தர பல் இடைவெளிகளை ஏற்படுத்துகிறது.,மித்யை
சர்க்கரை சாப்பிடும்போதுதான் பல் சொத்தை ஏற்படும்.,மித்யை
பற்கள் வலிக்கவில்லை என்றால் அவை முற்றிலும் ஆரோக்கியமானவை.,மித்யை
இயற்கை வீட்டு வைத்தியம் துவாரங்களை நிரந்தரமாக குணப்படுத்தும்.,மித்யை
ஃப்ளோரைடு பேஸ்ட்டைப் பயன்படுத்தி ஒரு நாளைக்கு இரண்டு முறை பல் துலக்குவது துவாரங்களைத் தடுக்கிறது.,உண்மை
ஃப்ளூரைடு பல் எனாமலை வலிமையாக்குகிறது.,உண்மை
வழக்கமான பல் பரிசோதனைகளுக்குச் செல்வது வாய்வழி பிரச்சினைகளைத் தவிர்க்க உதவும்.,உண்மை
ஈறுகளில் பிளேக் படிவதால் ஈறு நோய் ஏற்படுகிறது.,உண்மை
பெரும்பாலான வாய்வழி நோய்களைத் உண்மையில் தடுக்கலாம்.,உண்மை
தூங்குவதற்கு முன் பல் துலக்குவது பற்களை ஆரோக்கியமாக வைத்திருக்கும்.,உண்மை
பல் மருத்துவர்கள் மென்மையான முட்கள் கொண்ட பல் துலக்குதலைப் பயன்படுத்த பரிந்துரைக்கின்றனர்.,உண்மை
பல் துலக்கும் பிரஷ்களை மூன்று மாதங்களுக்கு ஒருமுறை மாற்ற வேண்டும்.,உண்மை
அதிக சர்க்கரை சாப்பிடுவது துவாரங்கள் ஏற்படும் வாய்ப்பை அதிகரிக்கிறது.,உண்மை
புளிப்பு பானங்கள் பல் எனாமலை சேதப்படுத்தும்.,உண்மை
ஸ்கேலிங் டார்ட்டர் மற்றும் பிளேக்கை பாதுகாப்பாக நீக்குகிறது.,உண்மை
ஈறுகளில் இரத்தப்போக்கு என்பது உங்களுக்கு ஈறு நோய் இருப்பதைக் குறிக்கலாம்.,உண்மை
துவாரங்களை முன்கூட்டியே கண்டறிவது பின்னர் கடுமையான வலியைத் தடுக்கிறது.,உண்மை
பற்களுக்கு இடையே உள்ள இடைவெளிகளை ஃப்ளாசிங் சுத்தம் செய்கிறது.,உண்மை
சரியாக பல் துலக்காதது ஈறு பிரச்சினைகளை அதிகரிக்கும்.,உண்மை
வாயில் உள்ள தீங்கு விளைவிக்கும் பாக்டீரியாக்களால் துவாரங்கள் ஏற்படுகின்றன.,உண்மை
சரியான பராமரிப்பு மூலம் பல் சொத்தையைத் தவிர்க்கலாம்.,உண்மை
சரியாகப் பயன்படுத்தினால் ஃப்ளோரைடு பற்பசை பாதுகாப்பானது.,உண்மை
நல்ல வாய் சுகாதாரம் ஒட்டுமொத்த உடல் ஆரோக்கியத்தையும் பாதிக்கிறது.,உண்மை
புகைபிடித்தல் ஈறு பிரச்சினைகள் ஏற்படும் அபாயத்தை அதிகரிக்கிறது.,உண்மை
வறண்ட வாய் துவாரங்களை அதிகமாக்குகிறது.,உண்மை
உமிழ்நீர் பற்கள் சொத்தையிலிருந்து பாதுகாக்க உதவுகிறது.,உண்மை
குழந்தைகள் பல் துலக்கும் போது மேற்பார்வை தேவை.,உண்மை
பல் சீலண்டுகள் குழந்தைகளின் பற்களைப் பல் துவாரங்களிலிருந்து பாதுகாக்கின்றன.,உண்மை
மின்சார பல் துலக்குதல்கள் பற்களை திறம்பட சுத்தம் செய்கின்றன.,உண்மை
பற்களில் தகடு ஒவ்வொரு நாளும் உருவாகிறது.,உண்மை
டார்ட்டர் என்பது கடினப்படுத்தப்பட்ட தகடு மட்டுமே.,உண்மை
தொழில்முறை சுத்தம் செய்தல் ஈறுகளை ஆரோக்கியமாக வைத்திருக்க உதவுகிறது.,உண்மை
கர்ப்பிணிப் பெண்கள் பாதுகாப்பாக பல் மருத்துவரைப் பார்க்கலாம்.,உண்மை
ஈறு நோய் இறுதியில் பல் இழப்பை ஏற்படுத்தும்.,உண்மை
இழந்த பற்சிப்பி மீண்டும் வளராது.,உண்மை
மிகவும் தீவிரமாக பல் துலக்குவது ஈறுகளுக்கு தீங்கு விளைவிக்கும்.,உண்மை
இரவில் பல் துலக்குவது குழி அபாயத்தைக் குறைக்கிறது.,உண்மை
பல் உணர்திறனை ஒரு பல் மருத்துவர் பரிசோதிக்க வேண்டும்.,உண்மை
வாய் தொற்றுகள் உங்கள் பொது ஆரோக்கியத்தைப் பாதிக்கலாம்.,உண்மை
வாயில் உள்ள பாக்டீரியாக்கள் பற்களை சேதப்படுத்தும் அமிலங்களை உற்பத்தி செய்கின்றன.,உண்மை
அமிலத் தாக்குதல்கள் பற்சிப்பியைப் பலவீனப்படுத்துகின்றன.,உண்மை
ஃப்ளூரைடு ஆரம்பகால பற்சிப்பி சேதத்தை சரிசெய்கிறது.,உண்மை
தடுப்புக்கு வழக்கமான பல் வருகைகள் முக்கியம்.,உண்மை
உங்கள் வாயை சுத்தமாக வைத்திருப்பது தொற்று அபாயத்தைக் குறைக்கிறது.,உண்மை
நெரிசலான பற்களை சுத்தம் செய்வது மிகவும் கடினம்.,உண்மை
"மவுத்வாஷ் உதவுகிறது, ஆனால் பல் துலக்குவதை மாற்ற முடியாது.",உண்மை
ஆரம்பகால ஈறு வீக்கத்தை மாற்றியமைக்கலாம்.,உண்மை
நீரிழிவு ஈறுகளின் ஆரோக்கியத்தை மோசமாக்கும்.,உண்மை
ஈறுகளில் பிளேக் படிவது ஈறு அழற்சிக்கு வழிவகுக்கிறது.,உண்மை
ஈறு பிரச்சினைகளுக்கு ஆரம்பத்திலேயே சிகிச்சையளிப்பது சிக்கல்களைத் தவிர்க்கிறது.,உண்மை
நன்றாக பல் துலக்குவது வாய் துர்நாற்றத்தைக் குறைக்கும்.,உண்மை
நீங்கள் பல் துலக்கும் விதம் மிகவும் முக்கியமானது.,உண்மை
ஃவுளூரைடு கலந்த நீர் துவாரங்களைத் தடுக்க உதவுகிறது.,உண்மை
காலப்போக்கில் துவாரங்கள் படிப்படியாக உருவாகின்றன.,உண்மை
பாக்டீரியாக்கள் அமிலங்களை உற்பத்தி செய்ய சர்க்கரையைப் பயன்படுத்துகின்றன.,உண்மை
ஆரோக்கியமான உணவுகளை உட்கொள்வது வாய்வழி ஆரோக்கியத்தை ஆதரிக்கிறது.,உண்மை
ஈறு நோய் ஆரம்பத்தில் வலிக்காது.,உண்மை
பல் மருத்துவர்களின் ஆலோசனை முக்கியமானது.,உண்மை
பற்சிப்பி பல்லின் உள் அடுக்குகளைப் பாதுகாக்கிறது.,உண்மை
பிரேஸ்கள் பற்களை சரியாக சீரமைக்க உதவுகின்றன.,உண்மை
தினமும் பல் பல் பல் துலக்குவது ஈறுகளை ஆரோக்கியமாக வைத்திருக்கும்.,உண்மை
நீங்கள் சுமார் இரண்டு நிமிடங்கள் பல் துலக்க வேண்டும்.,உண்மை
நாக்கை சுத்தம் செய்வது வாயில் உள்ள பாக்டீரியாக்களைக் குறைக்கும்.,உண்மை
பல் எக்ஸ்-கதிர்கள் முறையாக எடுக்கப்படும்போது பாதுகாப்பானவை.,உண்மை
வாய்வழி பராமரிப்பு ஒவ்வொரு வயதிலும் முக்கியமானது.,உண்மை
பால் பற்களுக்கும் சரியான பல் பராமரிப்பு தேவை.,உண்மை
துவாரங்களுக்கு பல் மருத்துவர் சிகிச்சை அளிக்க வேண்டும்.,உண்மை
நல்ல சுகாதாரம் மூலம் ஈறு நோயைத் தவிர்க்கலாம்.,உண்மை
பிளேக்கை அகற்றுவது ஈறு பிரச்சினைகளைத் தடுக்கிறது.,உண்மை
அமிலத் தேய்மானம் உங்கள் பற்களை பலவீனப்படுத்தும்.,உண்மை
தினமும் பல் துலக்குவது பிளேக் படிவதை நீக்குகிறது.,உண்மை
ஃப்ளூரைடு பற்பசை குழிவு ஏற்படுவதற்கான வாய்ப்புகளைக் குறைக்கிறது.,உண்மை
வாய்வழி சுகாதாரம் குழந்தை பருவத்திலிருந்தே தொடங்கப்பட வேண்டும்.,உண்மை
துர்நாற்றம் பொதுவாக வாயில் தொடங்குகிறது.,உண்மை
பல் துலக்குவது வாயில் உள்ள பாக்டீரியாக்களைக் குறைக்கிறது.,உண்மை
பல் வலி தொற்றுநோயைக் குறிக்கலாம்.,உண்மை
ஸ்கேலிங் பற்களை பலவீனப்படுத்தாது.,உண்மை
கடினமான முட்கள் பற்சிப்பியை சேதப்படுத்தும்.,உண்மை
சாப்பிட்ட பிறகு பல் துலக்குவது பிளேக்கைக் குறைக்க உதவுகிறது.,உண்மை
துவாரங்களைத் தடுக்க சீலண்டுகள் பயன்படுத்தப்படுகின்றன.,உண்மை
ஈறுகளில் இரத்தப்போக்கு ஏற்பட்டால் பல் மருத்துவம் அவசியம்.,உண்மை
நீங்கள் எவ்வளவு அடிக்கடி சர்க்கரை சாப்பிடுகிறீர்கள் என்பது குழி அபாயத்தை பாதிக்கிறது.,உண்மை
பற்களை கடிப்பதால் பற்களின் எனாமல் தேய்ந்து போகும்.,உண்மை
ஆரோக்கியமான ஈறுகளில் பொதுவாக இரத்தம் வராது.,உண்மை
வாய் பாக்டீரியாக்கள் பிளேக் உருவாக உதவுகின்றன.,உண்மை
தடுப்பு பராமரிப்பு சிகிச்சைகளில் பணத்தை மிச்சப்படுத்துகிறது.,உண்மை
நல்ல வாய்வழி சுகாதாரம் ஒட்டுமொத்த வாழ்க்கைத் தரத்தை மேம்படுத்துகிறது.,உண்மை
சரியான ஃப்ளூரைடு அளவுகள் நன்மை பயக்கும்.,உண்மை
குழந்தைகளுக்கும் துவாரங்கள் உருவாகலாம்.,உண்மை
பெரியவர்கள் மற்றும் குழந்தைகள் இருவருக்கும் பல் சொத்தை ஏற்படலாம்.,உண்மை
"பிளேக்கை எப்போதும் பார்க்க முடியாது, ஆனால் அது தீங்கு விளைவிக்கும்.",உண்மை
பற்களுக்கு இடையில் சுத்தம் செய்வது அவசியம்.,உண்மை
பல் மருத்துவரைப் பார்ப்பது வாய்வழி விளைவுகளை மேம்படுத்துகிறது.,உண்மை
வாய்வழி ஆரோக்கியம் ஒட்டுமொத்த ஆரோக்கியத்துடன் இணைக்கப்பட்டுள்ளது.,உண்மை
சரியான துலக்குதல் எனாமலைப் பாதுகாக்கிறது.,உண்மை
தினமும் பல் துலக்குவது பாக்டீரியா வளர்ச்சியைக் குறைக்கிறது.,உண்மை
பல் மருத்துவர்கள் ஒவ்வொரு நாளும் ஃப்ளோரைடு பற்பசையைப் பயன்படுத்த பரிந்துரைக்கின்றனர்.,உண்மை
சரியான சுகாதாரம் ஈறு வீக்கத்தைத் தடுக்கிறது.,உண்மை
தொடர்ந்து பல் பல் மிதப்பது பிளேக் உருவாவதைக் குறைக்கிறது.,உண்மை
ஆரம்பகால பல் சிகிச்சை பல் இழப்பைத் தடுக்கிறது.,உண்மை
சமச்சீரான உணவை உட்கொள்வது ஈறுகளின் ஆரோக்கியத்தை ஆதரிக்கிறது.,உண்மை
வழக்கமான வாய்வழி பராமரிப்பு தொற்றுகளைத் தடுக்கிறது.,உண்மை
தொழில்முறை சுத்தம் செய்வது பாதுகாப்பானது மற்றும் பயனுள்ளது.,உண்மை
வாய்வழி சுகாதாரம் குறித்த விழிப்புணர்வு நோயைத் தடுக்க உதவுகிறது.,உண்மை
கூடுதல் பற்பசையைப் பயன்படுத்துவது பற்களை சிறப்பாகச் சுத்தம் செய்கிறது.,மித்யை
அதிகமாக துலக்குவது பற்களை வலிமையாக்கும்.,மித்யை
செதில் நீக்கத்திற்குப் பிறகு பற்கள் பலவீனமாகின்றன.,மித்யை
"என் ஈறுகளில் இரத்தம் வந்தால், நான் பல் துலக்குவதை நிறுத்த வேண்டும்.",மித்யை
பால் பற்களுக்கு சிகிச்சை தேவையில்லை.,மித்யை
பால் பற்கள் முக்கியமல்ல.,மித்யை
பல் மிதவை பற்களுக்கு இடையில் இடைவெளிகளை உருவாக்குகிறது.,மித்யை
பல் துலக்காமல் மவுத்வாஷ் செய்தால் போதும்.,மித்யை
சர்க்கரை மட்டுமே துவாரங்களை ஏற்படுத்துகிறது.,மித்யை
"பற்கள் வெண்மையாக இருந்தால், அவை ஆரோக்கியமானவை.",மித்யை
துவாரங்கள் தாங்களாகவே சரி செய்து கொள்ளும்.,மித்யை
"உங்களுக்கு வலி ஏற்பட்டால் தவிர, பல் மருத்துவர் தேவையில்லை.",மித்யை
ஒரு நாளைக்கு ஒரு முறை பல் துலக்கினால் போதும்.,மித்யை
"பல் சிதைவு என்பது மரபணு சார்ந்தது, அதைத் தடுக்க முடியாது.",மித்யை
வழக்கமான பல் துலக்குதலுக்குப் பதிலாக கரி பற்பசையைப் பயன்படுத்தலாம்.,மித்யை
உப்பு மட்டுமே பல் சொத்தையை குணப்படுத்தும்.,மித்யை
பற்களை வெண்மையாக்குவதற்கு எலுமிச்சை சாறு பாதுகாப்பானது.,மித்யை
ஒவ்வொரு நாளும் பேக்கிங் சோடாவைப் பயன்படுத்துவது பாதிப்பில்லாதது.,மித்யை
ஃப்ளூரைடு எவ்வளவு அதிகமாக இருந்தாலும் அது ஆபத்தானது.,மித்யை
மின்சார தூரிகைகள் பற்சிப்பியை சேதப்படுத்தும்.,மித்யை
வெண்மையாக்கும் பற்பசை உடனடியாக வேலை செய்கிறது.,மித்யை
வழக்கமான பற்பசையை விட மூலிகை பற்பசை எப்போதும் சிறந்தது.,மித்யை
எண்ணெய் இழுத்தல் என்பது துலக்குதலை முழுமையாக மாற்றும்.,மித்யை
சூயிங் கம் பல் துலக்குவது போல வேலை செய்கிறது.,மித்யை
பல் அகற்றுவது பார்வையைப் பாதிக்கிறது.,மித்யை
கர்ப்பம் பற்களில் கால்சியம் நிரந்தரமாக இழப்பை ஏற்படுத்துகிறது.,மித்யை
பல் துலக்குவதால் குழந்தைகளுக்கு அதிக காய்ச்சல் ஏற்படுகிறது.,மித்யை
பல் எக்ஸ்-கதிர்கள் எல்லா சந்தர்ப்பங்களிலும் பாதுகாப்பற்றவை.,மித்யை
குழந்தைகளுக்கு மட்டுமே துவாரங்கள் ஏற்படும்.,மித்யை
வெந்நீரில் பற்களை சுத்தம் செய்வது சிறப்பாக செயல்படும்.,மித்யை
தினமும் டூத்பிக்களைப் பயன்படுத்துவது முற்றிலும் பாதுகாப்பானது.,மித்யை
அமில பானங்களை குடித்த உடனேயே பல் துலக்குவது நல்லது.,மித்யை
அதிக நுரை என்றால் சிறந்த சுத்தம் என்று பொருள்.,மித்யை
முழு தூரிகையையும் பற்பசையால் நிரப்புவது சிறப்பாக சுத்தம் செய்கிறது.,மித்யை
நீண்ட நேரம் பல் துலக்குவது எப்போதும் சிறந்த பலனைத் தரும்.,மித்யை
பல் உணர்திறன் என்பது ஒரு பெரிய பிரச்சனையே அல்ல.,மித்யை
பல் துலக்கும்போது ஈறுகளில் இரத்தம் வருவது இயல்பானது.,மித்யை
பல் சுத்தம் செய்வது பற்களை தளர்வாக்கும்.,மித்யை
வாய் துர்நாற்றம் எப்போதும் வயிற்றுப் பிரச்சினைகளால் ஏற்படுகிறது.,மித்யை
குழந்தைகளுக்கு ஈறு நோய் வராது.,மித்யை
ஈறு நோய் வயதானவர்களுக்கு மட்டுமே ஏற்படும்.,மித்யை
பற்களை கிடைமட்டமாக மட்டுமே துலக்க வேண்டும்.,மித்யை
கடினமான முட்கள் மிகவும் திறம்பட சுத்தம் செய்கின்றன.,மித்யை
பால் பெரியவர்களுக்கு துவாரங்களை ஏற்படுத்துகிறது.,மித்யை
ஃப்ளோரைடை விட இயற்கை வைத்தியம் சிறந்தது.,மித்யை
பல் நிரப்புதல்கள் ஆரோக்கியத்திற்கு தீங்கு விளைவிக்கும்.,மித்யை
பிரேஸ்கள் பற்களை நிரந்தரமாக பலவீனப்படுத்துகின்றன.,மித்யை
அமில பானங்கள் பற்களுக்கு தீங்கு விளைவிப்பதில்லை.,மித்யை
வறண்ட வாய் பல் பிரச்சினைகளை ஏற்படுத்தாது.,மித்யை
இரவு பல் துலக்குவதைத் தவிர்ப்பது நல்லது.,மித்யை
மென்மையான பல் துலக்குதல்கள் நன்றாக சுத்தம் செய்யாது.,மித்யை
ஃப்ளாசிங் தேவையில்லை.,மித்யை
தொழில்முறை ஸ்கேலிங் பற்சிப்பியை நீக்குகிறது.,மித்யை
கடினமாக துலக்குவது கறைகளை வேகமாக நீக்கும்.,மித்யை
ஈறுகளில் இரத்தம் வருவது என்பது பல் துலக்குவது தவறு என்று பொருள்.,மித்யை
பல் வலி எப்போதும் பல் பிரித்தெடுக்க வேண்டியதன் அவசியத்தைக் குறிக்கிறது.,மித்யை
ஸ்கேலிங் பாதுகாப்பு பற்சிப்பி அடுக்கை நீக்குகிறது.,மித்யை
கர்ப்பிணிப் பெண்கள் பல் மருத்துவரைப் பார்க்கக் கூடாது.,மித்யை
சர்க்கரை இல்லாத பானங்கள் பற்களை சேதப்படுத்தாது.,மித்யை
பல் துலக்கிய பின் கழுவுவது ஃப்ளோரைடு நன்மைகளை முற்றிலுமாக நீக்குகிறது.,மித்யை
வாந்தி எடுத்த பிறகு பல் துலக்குவது முற்றிலும் பாதுகாப்பானது.,மித்யை
குழந்தைகளுக்கு ஃப்ளோரைடு பற்பசை தேவையில்லை.,மித்யை
மவுத்வாஷ் மட்டுமே பற்களை சுத்தமாக வைத்திருக்கும்.,மித்யை
துவாரங்கள் ஒரே இரவில் உருவாகின்றன.,மித்யை
உங்கள் பல்லில் ஒரு குழி உருவாவதை நீங்கள் உணரலாம்.,மித்யை
துர்நாற்றம் எப்போதும் கடுமையான நோயைக் குறிக்கிறது.,மித்யை
வெண்மையாக்குதல் பற்களை நிரந்தரமாக சேதப்படுத்தும்.,மித்யை
அடிக்கடி பல் துலக்குவது அனைத்து பல் பிரச்சனைகளையும் தடுக்கிறது.,மித்யை
பல் வலி இல்லை என்றால் பல் பிரச்சினைகள் இல்லை என்று பொருள்.,மித்யை
பிளேக் பாதிப்பில்லாதது.,மித்யை
ஈறு நோய் எப்போதும் வலியை ஏற்படுத்துகிறது.,மித்யை
"நீங்கள் தினமும் பல் துலக்கினால், பல் மருத்துவரிடம் செல்ல வேண்டிய அவசியமில்லை.",மித்யை
பால் பற்களில் உள்ள பிரச்சனைகள் ஒரு பொருட்டல்ல.,மித்யை
மெல்லும் குச்சிகள் துலக்குதலை முழுமையாக மாற்றுகின்றன.,மித்யை
மூன்று முறை பல் துலக்குவது துவாரங்கள் இல்லாமல் இருப்பதை உறுதி செய்கிறது.,மித்யை
அமிலத்தன்மை கொண்ட பழங்கள் பற்சிப்பியை வலுப்படுத்தும்.,மித்யை
குளிர்ந்த நீர் பற்களை வலிமையாக்கும்.,மித்யை
ஃப்ளூரைடு உண்மையில் துவாரங்களை ஏற்படுத்துகிறது.,மித்யை
பற்பசை மட்டுமே ஈறு பிரச்சனைகளைத் தடுக்கிறது.,மித்யை
நீங்கள் ஐந்து நிமிடங்களுக்கு மேல் பல் துலக்க வேண்டும்.,மித்யை
மின்சார பல் துலக்குதல்கள் பாதுகாப்பற்றவை.,மித்யை
சிகிச்சை இல்லாமல் துவாரங்கள் மறைந்துவிடும்.,மித்யை
கரி தூள் மிகவும் பாதுகாப்பான சுத்தம் செய்யும் முறையாகும்.,மித்யை
சரியான முறையில் பல் துலக்கும்போது ஈறுகளில் இரத்தம் வர வேண்டும்.,மித்யை
பிளேக் தானாகவே போய்விடும்.,மித்யை
பால் பற்கள் துவாரங்களைப் பெற முடியாது.,மித்யை
பல் சிகிச்சைகள் எப்போதும் பற்களை பலவீனப்படுத்தும்.,மித்யை
பல் சொத்தை உடனடியாகப் பரவுகிறது.,மித்யை
ஸ்கேலிங் ஈறுகளை சேதப்படுத்தும்.,மித்யை
பற்பசை மட்டுமே முழுமையான பல் ஆரோக்கியத்திற்கு உத்தரவாதம் அளிக்கிறது.,மித்யை
ஈறுகளில் இரத்தம் கசிவு என்பது நீங்கள் சரியாக பல் துலக்குகிறீர்கள் என்பதைக் குறிக்கிறது.,மித்யை
அனைத்து இயற்கை பற்பசைகளும் முற்றிலும் பாதுகாப்பானவை.,மித்யை
அதிக அழுத்தத்தைப் பயன்படுத்துவதால் பிளேக் வேகமாக நீக்கப்படும்.,மித்யை
பல் பல் ஃப்ளாஸ் பயன்படுத்தாமல் இருப்பதால் எந்த பக்க விளைவுகளும் இல்லை.,மித்யை
ஒரு அமர்வுக்குப் பிறகு பற்கள் வெண்மையாக்குதல் என்றென்றும் நீடிக்கும்.,மித்யை
"ஒரு குழிக்கு ஒருமுறை சிகிச்சை அளித்தால், அது மீண்டும் வராது.",மித்யை
வலுவான துலக்குதல் ஈறு நோயைத் தடுக்கிறது.,மித்யை
பல் துலக்கிய உடனேயே கழுவுவது அனைத்து நன்மைகளையும் நீக்குகிறது.,மித்யை
பற்களை சுத்தம் செய்ய உப்பு நீர் மட்டும் போதுமானது.,மித்யை
"பற்கள் வெண்மையாகத் தெரிந்தால், அவற்றில் துவாரங்கள் இருக்காது.",மித்யை
ஒவ்வொரு உணவிற்கும் பிறகு பல் துலக்குவது எப்போதும் பாதுகாப்பானது.,மித்யை
ஈறுகளில் இரத்தம் வருவது என்பது பல் துலக்குவது ஆரோக்கியமானது என்பதைக் குறிக்கிறது.,மித்யை
குழந்தைகள் மிட்டாயைத் தவிர்த்தால் அவர்களுக்கு துவாரங்கள் வராது.,மித்யை
ஃப்ளூரைடு பற்பசையை தினமும் பயன்படுத்தக்கூடாது.,மித்யை
தொழில்முறை சுத்தம் பற்களில் நிரந்தர இடைவெளிகளை உருவாக்குகிறது.,மித்யை
சர்க்கரை சாப்பிடும்போதுதான் பல் சொத்தை ஏற்படும்.,மித்யை
"பற்கள் வலிக்கவில்லை என்றால், அவை முற்றிலும் ஆரோக்கியமானவை.",மித்யை
வீட்டு வைத்தியம் மூலம் துவாரங்களை நிரந்தரமாக குணப்படுத்த முடியும்.,மித்யை
