text,label
Brushing twice daily with fluoride toothpaste helps prevent dental caries,fact
Fluoride strengthens tooth enamel,fact
Regular dental checkups help prevent oral disease,fact
Gum disease is caused by plaque buildup,fact
Oral diseases are largely preventable,fact
Brushing before bedtime is important for oral health,fact
Soft bristle toothbrushes are recommended,fact
Replacing toothbrush every three months is advised,fact
Sugar consumption increases risk of cavities,fact
Acidic drinks can erode enamel,fact
Dental scaling removes plaque and tartar safely,fact
Bleeding gums can indicate gum disease,fact
Early cavity detection prevents severe pain,fact
Flossing removes plaque between teeth,fact
Poor oral hygiene increases risk of gum disease,fact
Dental caries are caused by bacteria,fact
Tooth decay is preventable,fact
Fluoride toothpaste is safe when used properly,fact
Oral hygiene impacts overall health,fact
Smoking increases risk of gum disease,fact
Dry mouth increases risk of cavities,fact
Saliva protects teeth from decay,fact
Children require supervision while brushing,fact
Sealants help prevent cavities in children,fact
Electric toothbrushes can be effective,fact
Plaque forms daily on teeth,fact
Tartar is hardened plaque,fact
Professional cleaning improves gum health,fact
Pregnant women can safely receive dental care,fact
Gum disease can lead to tooth loss,fact
Enamel cannot regenerate once lost,fact
Brushing too hard can damage gums,fact
Nighttime brushing reduces cavity risk,fact
Tooth sensitivity requires evaluation,fact
Oral infections can affect general health,fact
Bacteria in the mouth produce acids,fact
Acid weakens enamel,fact
Fluoride helps remineralize enamel,fact
Routine dental visits are recommended,fact
Oral hygiene reduces infection risk,fact
Crowded teeth are harder to clean,fact
Mouthwash supports brushing,fact
Gum inflammation is reversible in early stages,fact
Diabetes affects gum health,fact
Plaque causes gingivitis,fact
Early gum treatment prevents complications,fact
Good oral hygiene reduces bad breath,fact
Brushing technique matters,fact
Water fluoridation reduces cavities,fact
Tooth decay develops over time,fact
Oral bacteria feed on sugars,fact
Healthy diet supports oral health,fact
Gum disease may not cause pain initially,fact
Professional advice is important for oral issues,fact
Tooth enamel protects inner tooth layers,fact
Orthodontic treatment improves alignment,fact
Flossing daily improves gum health,fact
Brushing duration should be about two minutes,fact
Tongue cleaning reduces bacteria,fact
Dental X-rays are safe when properly used,fact
Oral hygiene is important at all ages,fact
Milk teeth require proper care,fact
Cavities require professional treatment,fact
Gum disease is preventable,fact
Plaque removal prevents gum disease,fact
Acid erosion weakens teeth,fact
Regular brushing removes plaque,fact
Fluoride toothpaste reduces cavity risk,fact
Oral hygiene habits should start early,fact
Bad breath often originates in the mouth,fact
Tooth brushing reduces bacterial load,fact
Dental pain may indicate infection,fact
Professional scaling does not weaken teeth,fact
Hard bristles can damage enamel,fact
Brushing after meals reduces plaque accumulation,fact
Dental sealants are preventive,fact
Gum bleeding requires attention,fact
Sugar frequency affects cavity risk,fact
Teeth grinding damages enamel,fact
Healthy gums do not bleed easily,fact
Oral bacteria contribute to plaque formation,fact
Preventive dental care reduces treatment cost,fact
Oral hygiene improves quality of life,fact
Fluoride in recommended amounts is beneficial,fact
Children are at risk of cavities,fact
Tooth decay can affect adults and children,fact
Dental plaque is invisible but harmful,fact
Cleaning between teeth is important,fact
Professional advice improves oral outcomes,fact
Oral health is part of overall health,fact
Proper brushing technique prevents enamel damage,fact
Daily oral care reduces bacterial growth,fact
Using fluoride toothpaste daily is recommended,fact
Maintaining oral hygiene prevents gum inflammation,fact
Regular flossing reduces plaque accumulation,fact
Early treatment prevents tooth loss,fact
Balanced nutrition supports healthy gums,fact
Routine oral hygiene prevents dental infections,fact
Professional dental cleaning is safe,fact
Oral health awareness improves prevention,fact
More toothpaste cleans better,myth
Hard brushing strengthens teeth,myth
Scaling weakens teeth,myth
If gums bleed you should stop brushing,myth
Baby teeth do not need care,myth
Primary teeth are not important,myth
Flossing creates gaps between teeth,myth
Mouthwash can replace brushing,myth
Sugar is the only cause of cavities,myth
White teeth mean healthy teeth,myth
Cavities heal on their own,myth
You only need a dentist when in pain,myth
Brushing once daily is enough,myth
Tooth decay is inherited and unavoidable,myth
Charcoal toothpaste replaces brushing,myth
Salt alone cures cavities,myth
Lemon juice whitens safely,myth
Baking soda daily is completely safe,myth
Fluoride is harmful in all amounts,myth
Electric toothbrush damages enamel,myth
Whitening toothpaste works instantly,myth
Herbal toothpaste is always safer,myth
Oil pulling replaces brushing,myth
Chewing gum replaces brushing,myth
Tooth extraction affects eyesight,myth
Pregnancy causes teeth to lose calcium,myth
Teething causes high fever,myth
Dental X-rays are always dangerous,myth
Cavities only occur in children,myth
Hot water cleans teeth better,myth
Using toothpicks daily is safe,myth
You should brush immediately after acidic drinks,myth
More foam means better cleaning,myth
Full brush toothpaste gives better whitening,myth
Brushing longer always improves cleaning,myth
Tooth sensitivity is normal and harmless,myth
Bleeding gums are normal,myth
Dental cleaning causes tooth mobility,myth
Bad breath always comes from stomach,myth
Children cannot get gum disease,myth
Gum disease only affects old people,myth
You should brush horizontally only,myth
Hard bristles clean better,myth
Milk causes cavities in adults,myth
Natural remedies replace fluoride,myth
Dental fillings cause illness,myth
Braces permanently weaken teeth,myth
Acidic drinks do not affect teeth,myth
Dry mouth does not affect oral health,myth
Brushing once before bed is unnecessary,myth
Soft brushes do not clean properly,myth
Flossing is unnecessary,myth
Professional cleaning removes enamel,myth
Brushing harder removes stains faster,myth
Gum bleeding means brushing should stop,myth
Tooth pain always means extraction,myth
Scaling removes protective enamel,myth
Pregnant women should avoid dentists,myth
Sugar-free drinks cannot cause cavities,myth
Rinsing with water removes fluoride benefit,myth
Brushing immediately after vomiting is safe,myth
Children do not need fluoride,myth
Mouthwash alone keeps teeth healthy,myth
Tooth decay happens overnight,myth
You can feel cavities forming,myth
Bad breath means serious disease always,myth
Tooth whitening damages teeth permanently,myth
More brushing prevents all dental problems,myth
If there is no pain there is no problem,myth
Plaque is harmless,myth
Gum disease is always painful,myth
Dental visits are unnecessary if brushing daily,myth
Milk teeth problems do not matter,myth
Chewing sticks replace brushing entirely,myth
Brushing three times means no cavities,myth
Acidic fruits strengthen enamel,myth
Cold water strengthens teeth,myth
Fluoride causes cavities,myth
Toothpaste alone prevents gum disease,myth
Brushing longer than five minutes is required,myth
Electric toothbrush is dangerous,myth
Cavities disappear without treatment,myth
Charcoal powder is safest cleaner,myth
Gums should bleed during proper brushing,myth
Plaque disappears without brushing,myth
Children cannot have cavities in baby teeth,myth
Dental treatments always weaken teeth,myth
Tooth decay spreads instantly,myth
Professional scaling damages gums,myth
Toothpaste alone guarantees perfect oral health,myth
Gum bleeding is caused by brushing correctly,myth
All natural toothpaste is always safe,myth
Using more pressure removes plaque faster,myth
Skipping flossing has no consequences,myth
Teeth whitening is permanent after one session,myth
Once treated cavities never return,myth
Strong brushing prevents gum disease,myth
Rinsing after brushing removes all benefits,myth
Using saltwater alone is enough to clean teeth,myth
If teeth look white they are cavity-free,myth
Brushing immediately after every meal is always safe,myth
Gum bleeding is a sign of healthy brushing,myth
Children cannot get cavities if they avoid candy,myth
Fluoride toothpaste should not be used daily,myth
Professional dental cleaning causes permanent tooth gaps,myth
Tooth decay only happens when you eat sugar,myth
If teeth do not hurt they are completely healthy,myth
Natural home remedies can permanently cure cavities,myth
Brushing two times a day with fluoride paste prevents cavities.,fact
Fluoride makes tooth enamel stronger.,fact
Going for regular dental checkups helps avoid oral problems.,fact
Gum disease happens because of plaque buildup.,fact
Most oral diseases can actually be prevented.,fact
Brushing before sleeping keeps teeth healthy.,fact
Dentists suggest using a soft-bristled toothbrush.,fact
Toothbrushes should be changed every three months.,fact
Eating a lot of sugar increases the chance of cavities.,fact
Sour drinks can damage tooth enamel.,fact
Scaling safely removes tartar and plaque.,fact
Bleeding gums may mean you have gum disease.,fact
Detecting cavities early prevents serious pain later.,fact
Flossing cleans the spaces between teeth.,fact
Not brushing properly increases gum problems.,fact
Cavities are caused by harmful bacteria in the mouth.,fact
Tooth decay can be avoided with proper care.,fact
Fluoride toothpaste is safe if used correctly.,fact
Good oral hygiene affects overall body health.,fact
Smoking raises the risk of gum issues.,fact
Dry mouth makes cavities more likely.,fact
Saliva helps protect teeth from decay.,fact
Kids need supervision while brushing their teeth.,fact
Dental sealants protect children’s teeth from cavities.,fact
Electric toothbrushes clean teeth effectively.,fact
Plaque builds up on teeth every day.,fact
Tartar is just hardened plaque.,fact
Professional cleaning helps keep gums healthy.,fact
Pregnant women can safely visit the dentist.,fact
Gum disease can eventually cause tooth loss.,fact
Lost enamel does not grow back.,fact
Brushing too aggressively harms gums.,fact
Brushing at night lowers cavity risk.,fact
Tooth sensitivity should be checked by a dentist.,fact
Mouth infections can affect your general health.,fact
Mouth bacteria produce acids that damage teeth.,fact
Acid attacks weaken enamel.,fact
Fluoride repairs early enamel damage.,fact
Routine dental visits are important for prevention.,fact
Keeping your mouth clean reduces infection risk.,fact
Crowded teeth are more difficult to clean.,fact
Mouthwash helps but cannot replace brushing.,fact
Early gum inflammation can be reversed.,fact
Diabetes can worsen gum health.,fact
Plaque buildup leads to gingivitis.,fact
Treating gum issues early avoids complications.,fact
Good brushing reduces bad breath.,fact
The way you brush matters a lot.,fact
Fluoridated water helps prevent cavities.,fact
Cavities develop gradually over time.,fact
Bacteria use sugar to produce acids.,fact
Eating healthy foods supports oral health.,fact
Gum disease may not hurt in the beginning.,fact
Dental advice from professionals is important.,fact
Enamel protects the inner layers of the tooth.,fact
Braces help align teeth properly.,fact
Flossing every day keeps gums healthy.,fact
You should brush for around two minutes.,fact
Cleaning your tongue reduces mouth bacteria.,fact
Dental X-rays are safe when properly taken.,fact
Oral care is important at every age.,fact
Baby teeth also need proper dental care.,fact
Cavities must be treated by a dentist.,fact
Gum disease can be avoided with good hygiene.,fact
Removing plaque prevents gum problems.,fact
Acid wear can weaken your teeth.,fact
Brushing daily removes plaque buildup.,fact
Fluoride toothpaste lowers cavity chances.,fact
Oral hygiene should start from childhood.,fact
Bad breath usually starts in the mouth.,fact
Brushing reduces bacteria inside the mouth.,fact
Tooth pain can signal infection.,fact
Scaling does not make teeth weak.,fact
Hard bristles may damage enamel.,fact
Brushing after eating helps reduce plaque.,fact
Sealants are used to prevent cavities.,fact
Bleeding gums need dental attention.,fact
How often you eat sugar affects cavity risk.,fact
Grinding teeth wears down enamel.,fact
Healthy gums normally do not bleed.,fact
Mouth bacteria help form plaque.,fact
Preventive care saves money on treatments.,fact
Good oral hygiene improves overall life quality.,fact
Proper fluoride levels are beneficial.,fact
Kids can also develop cavities.,fact
Both adults and children can get tooth decay.,fact
Plaque cannot always be seen but is harmful.,fact
Cleaning between teeth is necessary.,fact
Seeing a dentist improves oral outcomes.,fact
Oral health is connected to overall health.,fact
Correct brushing protects enamel.,fact
Daily brushing reduces bacterial growth.,fact
Dentists recommend using fluoride toothpaste every day.,fact
Proper hygiene prevents gum swelling.,fact
Flossing regularly reduces plaque buildup.,fact
Early dental treatment prevents tooth loss.,fact
Eating balanced meals supports gum health.,fact
Regular oral care prevents infections.,fact
Professional cleaning is safe and effective.,fact
Awareness about oral health helps prevent disease.,fact
Using extra toothpaste cleans teeth better.,myth
Brushing harder makes teeth stronger.,myth
Teeth become weak after scaling.,myth
"If my gums bleed, I should stop brushing.",myth
Baby teeth don’t need treatment.,myth
Milk teeth are not important.,myth
Flossing creates spaces between teeth.,myth
Mouthwash is enough without brushing.,myth
Only sugar causes cavities.,myth
"If teeth are white, they are healthy.",myth
Cavities can fix themselves.,myth
You don’t need a dentist unless you feel pain.,myth
Brushing once a day is sufficient.,myth
Tooth decay is genetic and cannot be prevented.,myth
Charcoal toothpaste can replace regular brushing.,myth
Salt alone can cure tooth decay.,myth
Lemon juice is safe for whitening teeth.,myth
Using baking soda every day is harmless.,myth
Fluoride is dangerous no matter the amount.,myth
Electric brushes damage enamel.,myth
Whitening toothpaste works immediately.,myth
Herbal toothpaste is always better than regular toothpaste.,myth
Oil pulling can completely replace brushing.,myth
Chewing gum works like brushing.,myth
Removing a tooth affects eyesight.,myth
Pregnancy causes teeth to lose calcium permanently.,myth
Teething causes high fever in babies.,myth
Dental X-rays are unsafe in all cases.,myth
Only kids get cavities.,myth
Cleaning teeth with hot water works better.,myth
Using toothpicks daily is completely safe.,myth
It’s best to brush right after acidic drinks.,myth
More foam means better cleaning.,myth
Filling the whole brush with toothpaste cleans better.,myth
Brushing longer always gives better results.,myth
Tooth sensitivity is nothing serious.,myth
It’s normal if gums bleed while brushing.,myth
Dental cleaning makes teeth loose.,myth
Bad breath is always caused by stomach problems.,myth
Kids can’t develop gum disease.,myth
Gum disease only happens to elderly people.,myth
Teeth should be brushed only horizontally.,myth
Hard bristles clean more effectively.,myth
Milk causes cavities in adults.,myth
Natural remedies are better than fluoride.,myth
Dental fillings are harmful to health.,myth
Braces weaken teeth permanently.,myth
Acidic drinks don’t harm teeth.,myth
Dry mouth doesn’t cause dental issues.,myth
Skipping night brushing is fine.,myth
Soft toothbrushes don’t clean well.,myth
Flossing is not necessary.,myth
Professional scaling removes enamel.,myth
Brushing harder removes stains faster.,myth
Gum bleeding means brushing is wrong.,myth
Tooth pain always means extraction is needed.,myth
Scaling removes the protective enamel layer.,myth
Pregnant women shouldn’t visit dentists.,myth
Sugar-free drinks cannot damage teeth.,myth
Rinsing after brushing removes fluoride benefits completely.,myth
Brushing after vomiting is totally safe.,myth
Children don’t need fluoride toothpaste.,myth
Mouthwash alone keeps teeth clean.,myth
Cavities form overnight.,myth
You can feel a cavity forming in your tooth.,myth
Bad breath always signals serious illness.,myth
Whitening permanently damages teeth.,myth
Brushing more often prevents all dental problems.,myth
No tooth pain means no dental issues.,myth
Plaque is harmless.,myth
Gum disease always causes pain.,myth
"If you brush daily, you don’t need dental visits.",myth
Problems in baby teeth don’t matter.,myth
Chewing sticks completely replace brushing.,myth
Brushing three times guarantees no cavities.,myth
Acidic fruits strengthen enamel.,myth
Cold water makes teeth stronger.,myth
Fluoride actually causes cavities.,myth
Toothpaste alone prevents gum problems.,myth
You must brush for more than five minutes.,myth
Electric toothbrushes are unsafe.,myth
Cavities disappear without treatment.,myth
Charcoal powder is the safest cleaning method.,myth
Gums should bleed during proper brushing.,myth
Plaque goes away on its own.,myth
Baby teeth can’t get cavities.,myth
Dental procedures always weaken teeth.,myth
Tooth decay spreads instantly.,myth
Scaling damages gums.,myth
Toothpaste alone guarantees perfect dental health.,myth
Bleeding gums mean you are brushing correctly.,myth
All natural toothpaste is completely safe.,myth
Applying more pressure removes plaque faster.,myth
Not flossing has no side effects.,myth
Teeth whitening lasts forever after one session.,myth
"Once a cavity is treated, it never comes back.",myth
Strong brushing prevents gum disease.,myth
Rinsing right after brushing removes all benefits.,myth
Saltwater alone is enough to clean teeth.,myth
"If teeth look white, they don’t have cavities.",myth
Brushing after every meal is always safe.,myth
Bleeding gums mean brushing is healthy.,myth
Kids won’t get cavities if they avoid candy.,myth
Fluoride toothpaste should not be used daily.,myth
Professional cleaning creates permanent gaps in teeth.,myth
Tooth decay only happens when eating sugar.,myth
"If teeth don’t hurt, they are perfectly healthy.",myth
Home remedies can permanently cure cavities.,myth
